"filename", "language", "JSON", "Log", "JavaScript", "XML", "HTML", "JSON with Comments", "Markdown", "TypeScript JSX", "TypeScript", "CSS", "comment", "blank", "total"
"/Users/zhaojiace/Documents/StartupProjects/AIonlineSchool/Codes2/A/frontend/README.md", "Markdown", 0, 0, 0, 0, 0, 0, 38, 0, 0, 0, 0, 33, 71
"/Users/zhaojiace/Documents/StartupProjects/AIonlineSchool/Codes2/A/frontend/config-overrides.js", "JavaScript", 0, 0, 12, 0, 0, 0, 0, 0, 0, 0, 0, 2, 14
"/Users/zhaojiace/Documents/StartupProjects/AIonlineSchool/Codes2/A/frontend/debug.log", "Log", 0, 1, 0, 0, 0, 0, 0, 0, 0, 0, 0, 1, 2
"/Users/zhaojiace/Documents/StartupProjects/AIonlineSchool/Codes2/A/frontend/jest.config.js", "JavaScript", 0, 0, 10, 0, 0, 0, 0, 0, 0, 0, 0, 0, 10
"/Users/zhaojiace/Documents/StartupProjects/AIonlineSchool/Codes2/A/frontend/package-lock 2.json", "JSON", 20460, 0, 0, 0, 0, 0, 0, 0, 0, 0, 0, 1, 20461
"/Users/zhaojiace/Documents/StartupProjects/AIonlineSchool/Codes2/A/frontend/package.json", "JSON", 73, 0, 0, 0, 0, 0, 0, 0, 0, 0, 0, 1, 74
"/Users/zhaojiace/Documents/StartupProjects/AIonlineSchool/Codes2/A/frontend/public/index.html", "HTML", 0, 0, 0, 0, 20, 0, 0, 0, 0, 0, 23, 1, 44
"/Users/zhaojiace/Documents/StartupProjects/AIonlineSchool/Codes2/A/frontend/public/manifest.json", "JSON", 25, 0, 0, 0, 0, 0, 0, 0, 0, 0, 0, 1, 26
"/Users/zhaojiace/Documents/StartupProjects/AIonlineSchool/Codes2/A/frontend/src/App.css", "CSS", 0, 0, 0, 0, 0, 0, 0, 0, 0, 33, 0, 6, 39
"/Users/zhaojiace/Documents/StartupProjects/AIonlineSchool/Codes2/A/frontend/src/App.test.tsx", "TypeScript JSX", 0, 0, 0, 0, 0, 0, 0, 8, 0, 0, 0, 1, 9
"/Users/zhaojiace/Documents/StartupProjects/AIonlineSchool/Codes2/A/frontend/src/App.tsx", "TypeScript JSX", 0, 0, 0, 0, 0, 0, 0, 51, 0, 0, 0, 3, 54
"/Users/zhaojiace/Documents/StartupProjects/AIonlineSchool/Codes2/A/frontend/src/components/Footer.tsx", "TypeScript JSX", 0, 0, 0, 0, 0, 0, 0, 130, 0, 0, 0, 7, 137
"/Users/zhaojiace/Documents/StartupProjects/AIonlineSchool/Codes2/A/frontend/src/components/Navbar.tsx", "TypeScript JSX", 0, 0, 0, 0, 0, 0, 0, 175, 0, 0, 6, 12, 193
"/Users/zhaojiace/Documents/StartupProjects/AIonlineSchool/Codes2/A/frontend/src/config/api.ts", "TypeScript", 0, 0, 0, 0, 0, 0, 0, 0, 29, 0, 4, 5, 38
"/Users/zhaojiace/Documents/StartupProjects/AIonlineSchool/Codes2/A/frontend/src/custom.d.ts", "TypeScript", 0, 0, 0, 0, 0, 0, 0, 0, 16, 0, 0, 3, 19
"/Users/zhaojiace/Documents/StartupProjects/AIonlineSchool/Codes2/A/frontend/src/i18n.ts", "TypeScript", 0, 0, 0, 0, 0, 0, 0, 0, 50, 0, 0, 2, 52
"/Users/zhaojiace/Documents/StartupProjects/AIonlineSchool/Codes2/A/frontend/src/i18n/index.ts", "TypeScript", 0, 0, 0, 0, 0, 0, 0, 0, 29, 0, 0, 2, 31
"/Users/zhaojiace/Documents/StartupProjects/AIonlineSchool/Codes2/A/frontend/src/index.css", "CSS", 0, 0, 0, 0, 0, 0, 0, 0, 0, 12, 0, 2, 14
"/Users/zhaojiace/Documents/StartupProjects/AIonlineSchool/Codes2/A/frontend/src/index.tsx", "TypeScript JSX", 0, 0, 0, 0, 0, 0, 0, 20, 0, 0, 0, 3, 23
"/Users/zhaojiace/Documents/StartupProjects/AIonlineSchool/Codes2/A/frontend/src/locales/ar/translation.json", "JSON", 102, 0, 0, 0, 0, 0, 0, 0, 0, 0, 0, 0, 102
"/Users/zhaojiace/Documents/StartupProjects/AIonlineSchool/Codes2/A/frontend/src/locales/de/translation.json", "JSON", 102, 0, 0, 0, 0, 0, 0, 0, 0, 0, 0, 0, 102
"/Users/zhaojiace/Documents/StartupProjects/AIonlineSchool/Codes2/A/frontend/src/locales/en/translation.json", "JSON", 106, 0, 0, 0, 0, 0, 0, 0, 0, 0, 0, 0, 106
"/Users/zhaojiace/Documents/StartupProjects/AIonlineSchool/Codes2/A/frontend/src/locales/es/translation.json", "JSON", 102, 0, 0, 0, 0, 0, 0, 0, 0, 0, 0, 0, 102
"/Users/zhaojiace/Documents/StartupProjects/AIonlineSchool/Codes2/A/frontend/src/locales/fr/translation.json", "JSON", 102, 0, 0, 0, 0, 0, 0, 0, 0, 0, 0, 0, 102
"/Users/zhaojiace/Documents/StartupProjects/AIonlineSchool/Codes2/A/frontend/src/locales/ja/translation.json", "JSON", 102, 0, 0, 0, 0, 0, 0, 0, 0, 0, 0, 0, 102
"/Users/zhaojiace/Documents/StartupProjects/AIonlineSchool/Codes2/A/frontend/src/locales/zh/translation.json", "JSON", 102, 0, 0, 0, 0, 0, 0, 0, 0, 0, 0, 0, 102
"/Users/zhaojiace/Documents/StartupProjects/AIonlineSchool/Codes2/A/frontend/src/logo.svg", "XML", 0, 0, 0, 1, 0, 0, 0, 0, 0, 0, 0, 0, 1
"/Users/zhaojiace/Documents/StartupProjects/AIonlineSchool/Codes2/A/frontend/src/pages/HomePage.tsx", "TypeScript JSX", 0, 0, 0, 0, 0, 0, 0, 232, 0, 0, 6, 21, 259
"/Users/zhaojiace/Documents/StartupProjects/AIonlineSchool/Codes2/A/frontend/src/pages/LearningPage.tsx", "TypeScript JSX", 0, 0, 0, 0, 0, 0, 0, 139, 0, 0, 2, 9, 150
"/Users/zhaojiace/Documents/StartupProjects/AIonlineSchool/Codes2/A/frontend/src/pages/PersonalHomePage.tsx", "TypeScript JSX", 0, 0, 0, 0, 0, 0, 0, 147, 0, 0, 2, 14, 163
"/Users/zhaojiace/Documents/StartupProjects/AIonlineSchool/Codes2/A/frontend/src/pages/PrincipalAIPage.tsx", "TypeScript JSX", 0, 0, 0, 0, 0, 0, 0, 242, 0, 0, 6, 21, 269
"/Users/zhaojiace/Documents/StartupProjects/AIonlineSchool/Codes2/A/frontend/src/pages/auth/LoginPage.tsx", "TypeScript JSX", 0, 0, 0, 0, 0, 0, 0, 103, 0, 0, 0, 9, 112
"/Users/zhaojiace/Documents/StartupProjects/AIonlineSchool/Codes2/A/frontend/src/pages/auth/MePage.tsx", "TypeScript JSX", 0, 0, 0, 0, 0, 0, 0, 16, 0, 0, 0, 1, 17
"/Users/zhaojiace/Documents/StartupProjects/AIonlineSchool/Codes2/A/frontend/src/pages/auth/RegisterPage.tsx", "TypeScript JSX", 0, 0, 0, 0, 0, 0, 0, 140, 0, 0, 0, 9, 149
"/Users/zhaojiace/Documents/StartupProjects/AIonlineSchool/Codes2/A/frontend/src/pages/auth/VerifyPage.tsx", "TypeScript JSX", 0, 0, 0, 0, 0, 0, 0, 193, 0, 0, 0, 14, 207
"/Users/zhaojiace/Documents/StartupProjects/AIonlineSchool/Codes2/A/frontend/src/pages/course/CourseInteractionPage.tsx", "TypeScript JSX", 0, 0, 0, 0, 0, 0, 0, 484, 0, 0, 31, 53, 568
"/Users/zhaojiace/Documents/StartupProjects/AIonlineSchool/Codes2/A/frontend/src/reportWebVitals.ts", "TypeScript", 0, 0, 0, 0, 0, 0, 0, 0, 13, 0, 0, 2, 15
"/Users/zhaojiace/Documents/StartupProjects/AIonlineSchool/Codes2/A/frontend/src/setupTests.ts", "TypeScript", 0, 0, 0, 0, 0, 0, 0, 0, 2, 0, 4, 0, 6
"/Users/zhaojiace/Documents/StartupProjects/AIonlineSchool/Codes2/A/frontend/src/styles/ParticleBackground.css", "CSS", 0, 0, 0, 0, 0, 0, 0, 0, 0, 25, 0, 2, 27
"/Users/zhaojiace/Documents/StartupProjects/AIonlineSchool/Codes2/A/frontend/src/theme.ts", "TypeScript", 0, 0, 0, 0, 0, 0, 0, 0, 27, 0, 0, 3, 30
"/Users/zhaojiace/Documents/StartupProjects/AIonlineSchool/Codes2/A/frontend/src/utils/axios.ts", "TypeScript", 0, 0, 0, 0, 0, 0, 0, 0, 63, 0, 2, 9, 74
"/Users/zhaojiace/Documents/StartupProjects/AIonlineSchool/Codes2/A/frontend/tsconfig.json", "JSON with Comments", 0, 0, 0, 0, 0, 30, 0, 0, 0, 0, 0, 0, 30
"Total", "-", 21276, 1, 22, 1, 20, 30, 38, 2080, 229, 70, 86, 253, 24106